Time_s,Speed_kmph,Motor_Speed_RPM,Motor_Torque_Nm
0,0.0,0.0,0.0
1,1.220324493442158,118.69,37.4459593464743
2,0.0,0.0,-0.0
3,0.646755890817113,62.9,32.091465911533184
4,1.333016102194784,129.65,34.57397956031016
5,2.229783576425454,216.87,39.99798692956042
6,2.1974613821867717,213.73,-0.5682141890163489
7,2.079242282079379,202.23,-1.9664492119413313
8,0.12032367187626791,11.7,-1.885634240691151
9,0.0872455928231187,8.49,-0.023087332931535906
10,0.0,0.0,-0.0
11,1.3007445686755368,126.51,38.45968216469454
12,0.0,0.0,-0.0
13,0.15055566091841532,14.64,30.113335035172906
14,0.0,0.0,-0.0
15,0.0,0.0,-0.0
16,1.3781425034294132,134.04,39.49638379879345
17,2.2992501284344655,223.63,40.58928412547416
18,1.0989980558939911,106.89,-10.55259755443772
19,1.0252043082964164,99.71,-0.6052293436989762
20,1.1590545770553655,112.73,30.775698833225754
21,0.0,0.0,-0.0
22,0.0,0.0,-0.0
23,0.0,0.0,-0.0
24,0.0,0.0,-0.0
25,1.4085955030930957,137.0,39.92070645667046
26,2.1963708416794443,213.62,38.65123391732604
27,2.7157377995497414,264.14,37.052322396627616
28,2.600389045949765,252.92,-2.399613082602697
29,3.5919622052301037,349.36,47.808466559277925
30,4.666079810722117,453.83,55.05959236663733
31,5.755385347625401,559.78,61.34686563090192
32,5.596319119156531,544.31,-7.12148300473965
33,6.790719276884277,660.47,70.55418087697709
34,7.340672735830363,713.96,50.18514181030572
35,7.406190593918279,720.34,32.42618872152197
36,7.584028496314604,737.63,36.74363859749273
37,7.745389262429757,753.33,36.24900972622874
38,8.384665609680516,815.5,56.80059201937807
39,6.981180865158816,679.0,-78.38384674397759
40,8.408689445554849,817.84,90.01738166707557
41,9.659501548691004,939.5,90.41110723682573
42,9.812823985173328,954.41,37.52263041089481
43,9.913200958784262,964.17,34.97528555519891
44,10.683128850549288,1039.06,71.1261943667877
45,9.32526563535623,906.99,-80.0
46,8.320427882083901,809.26,-66.88544047438097
47,8.166326271265252,794.27,-10.067552262981076
48,6.841194471485163,665.38,-72.52387474115783
49,6.804449192589675,661.81,-2.0002510664950606
50,8.20782871315193,798.3,87.59349362160128
51,8.008976843964394,778.96,-12.740800125616127
52,7.939634804673233,772.22,-4.404403748665
53,8.094011644397543,787.23,36.24763969176929
54,9.502546795317343,924.23,96.92335592232384
55,9.308875292455966,905.39,-14.422910942712734
56,8.34522066873135,811.67,-64.33528386740146
57,6.603731431249344,642.29,-80.0
58,8.036326894286507,781.62,87.56402724119195
59,7.862726963375332,764.74,-10.919750860923124
60,6.993541246067201,680.2,-48.629489315895334
61,6.060828384009908,589.48,-45.224100707903645
62,6.580708517849704,640.05,47.10589812510194
63,4.080708517849704,396.9,-80.0
64,1.580708517849704,153.74,-31.61417035699408
65,2.940736466532592,286.02,49.99741892097642
66,2.961865258006898,288.08,30.3129031670571
67,1.1481252306867646,111.67,-16.659205498181976
68,2.2338845021450524,217.27,42.127304047854864
69,1.0754298310286172,104.6,-9.966693689704481
70,0.0,0.0,-0.0
71,0.0,0.0,-0.0
72,0.0,0.0,-0.0
73,0.0,0.0,-0.0
74,0.0,0.0,-0.0
75,0.6213434557407373,60.43,31.93033844995921
76,0.0,0.0,-0.0
77,0.7257093386078547,70.58,32.63327022071325
78,0.7495961314295116,72.91,30.08952723745686
79,0.0,0.0,-0.0
80,1.467276330000272,142.71,40.76449914289534
81,1.3485936238646683,131.17,-1.2804379260598358
82,2.592419477939761,252.14,46.122591856346645
83,3.673778405213019,357.32,49.86336537650405
84,2.944021607448072,286.34,-17.187358246416938
85,3.937791321716802,382.99,49.56628878316195
86,4.069383681536873,395.79,32.67749900833364
87,4.587959883714283,446.23,41.896034061194314
88,5.574304994651315,542.16,57.49094239173101
89,5.601845569485907,544.84,30.771390235591287
90,7.090461723898356,689.63,82.77487932219117
91,7.042518192947776,684.96,-2.701145511628907
92,7.1406519653103775,694.51,33.503695572421634
93,7.0466197883755015,685.36,-5.300871989866604
94,7.916703986289608,769.99,64.44099519017101
95,7.800773590255544,758.71,-7.234774173523151
96,5.900578312286717,573.9,-80.0
97,7.205332876030062,700.8,77.00595476645094
98,8.344793756910002,811.63,77.5428302250505
99,8.514716945069743,828.15,37.23423924792007
100,9.080678035753767,883.2,55.6965522263283
101,9.189549247571065,893.79,35.002386813189034
102,8.587507351366321,835.23,-41.36031367591007
103,6.087507351366321,592.08,-80.0
104,7.204285708367979,700.7,70.22795178380858
105,6.629549887238598,644.8,-30.48191838528214
106,6.795792427145108,660.97,35.64874896883014
107,6.751795512801607,656.69,-2.376465350732561
108,6.793519705969596,660.75,31.417270642512086
109,6.963992276652178,677.33,35.9358483280727
110,5.55630569603751,540.41,-62.57229572883875
111,3.817239196058207,371.27,-53.10746246618205
112,4.452318354104938,433.04,44.13787295840486
113,4.260928276214617,414.42,-6.5239951573582875
114,3.501601482970716,340.57,-21.270878602257945
115,1.0016014829707158,97.42,-20.032029659414317
116,1.8336650573375528,178.34,37.628629508999275
117,3.143155749464135,305.71,50.57966598913718
118,4.583263231797503,445.77,63.001958368074966
119,4.7347960255622406,460.51,33.587384348298116
120,4.092884503625214,398.08,-21.01815776667625
121,4.111423230033363,399.88,30.38110275204849
122,2.5400015076345848,247.04,-31.931308352181066
123,2.5796456306929363,250.9,30.511338944150644
124,0.07964563069293629,7.75,-1.5929126138587257
125,0.053116170288719594,5.17,-0.01127314669198574
126,0.0,0.0,-0.0
127,0.0,0.0,-0.0
128,1.2879292338255044,125.27,38.29380855671175
129,1.1094929426550055,107.91,-1.583790446137617
130,2.2885617792204354,222.59,43.49185937216774
131,0.2891648165574714,28.12,-4.625242047472011
132,0.0,0.0,-0.0
133,0.0,0.0,-0.0
134,0.0,0.0,-0.0
135,0.0,0.0,-0.0
136,0.100008705481064,9.73,30.05000870585999
137,0.0,0.0,-0.0
138,0.14579177202183996,14.18,30.10627620394634
139,1.3165805628094274,128.05,37.70718882553045
140,1.2694216636220343,123.47,-0.4789162260883549
141,2.170901247091575,211.14,39.785115759908095
142,3.2928206150118764,320.26,48.471396115345314
143,4.766622692939128,463.61,65.1252921477444
144,4.646050648309973,451.88,-4.481470608938781
145,5.4893968880843955,533.91,53.14731112097697
146,4.8093943209295436,467.77,-26.16320387753646
147,3.803474039492437,369.93,-30.60793340995969
148,4.555840740997026,443.11,47.13831435442079
149,3.347412710460146,325.57,-32.360858792763786
150,2.2061454862475554,214.57,-20.142412282391067
151,2.213750137233178,215.31,30.08417398581516
152,1.0670371232902511,103.78,-9.788682845097233
153,1.004112686471564,97.66,-0.5054658023897782
154,1.8820368657996638,183.05,38.261428354361996
155,3.3648539795301087,327.27,54.94731533025619
156,4.676712677250649,454.86,60.675931011955875
157,3.7093325558295636,360.77,-28.706676625996696
158,3.573721130555807,347.58,-3.877099328364907
159,3.511789951017893,341.56,-1.7399143516474513
160,4.604301819783689,447.82,55.15127192746819
161,6.02060737325204,585.57,72.63509828994682
162,4.4062848139253346,428.56,-56.905319823506744
163,5.099247545944447,495.96,47.667942553397104
164,5.190681813134286,504.85,32.37303093899778
165,5.938715371511517,577.61,52.21179195770659
166,4.5624884489128075,443.75,-50.232155499515436
167,4.455954904608507,433.39,-3.7976693539845856
168,5.4718119215770376,532.2,57.79289268033044
169,5.332880579214303,518.68,-5.927234060243211
170,5.350484626739878,520.4,30.470950928269943
171,5.208302842789742,506.57,-5.924206316323286
172,3.5413765524896257,344.44,-47.22570943357877
173,3.655494963778273,355.54,32.085796388700146
174,1.1554949637782732,112.39,-23.109899275565464
175,2.5284173401783843,245.92,47.35660371604477
176,1.3360782290701998,129.95,-12.744466624164474
177,0.7607872161006397,74.0,-3.501392385638629
178,0.041960381855447704,4.08,-0.24129798762296695
179,1.1932647141964388,116.06,36.869054175419976
180,1.2373610392550907,120.35,30.272815373009518
181,0.0,0.0,-0.0
182,0.0,0.0,-0.0
183,0.7570692988221467,73.63,32.865769616095285
184,0.6951882834585793,67.61,-0.34415165479417903
185,0.0,0.0,-0.0
186,0.0,0.0,-0.0
187,0.6430058282580994,62.54,32.06728247586942
188,0.0,0.0,-0.0
189,0.0,0.0,-0.0
190,0.0,0.0,-0.0
191,0.0,0.0,-0.0
192,0.5262185672963733,51.18,31.38452990283724
193,1.7718557600038694,172.33,41.03544717386913
194,0.0,0.0,-0.0
195,1.3623462528380441,132.5,39.2799365631093
196,1.4387231096645117,139.93,30.54942574479888
197,2.380627390412935,231.54,41.21161564948446
198,2.576528073478417,250.6,32.52371804765906
199,3.3242609752407715,323.32,42.428296526160686
200,4.574433388538765,444.92,58.59415214410211
201,4.397205163903203,427.68,-6.234470916455121
202,4.281989229760673,416.47,-3.9468271127610146
203,2.7279863020215815,265.33,-33.9143896013894
204,0.22798630202158154,22.17,-4.559726040431631
205,0.3655224735940571,35.55,30.25136280820914
206,1.6153807843202004,157.11,40.09498549134959
207,1.6317615063050759,158.71,30.133647157902026
208,0.837702843553046,81.48,-5.321481597882437
209,0.0,0.0,-0.0
210,0.0,0.0,-0.0
211,0.0,0.0,-0.0
212,0.581473964877262,56.55,31.690559859150415
213,1.1904927288963303,115.79,33.62516205163065
214,1.3116780238458254,127.58,30.794780440992636
215,1.4181625762761336,137.93,30.755062036040883
216,2.764014059303811,268.83,48.59976210411693
217,4.08802392971613,397.61,57.062920167129555
218,3.945393149184228,383.73,-4.501876034986923
219,4.463725792097235,434.15,41.568473935283585
220,5.422309605805667,527.38,55.988691105205305
221,5.9500929546543375,578.71,45.70179992784172
222,4.542368675345297,441.8,-51.15522135885136
223,4.523330606043878,439.95,-0.6889238524087574
224,4.51455960873101,439.09,-0.3167775215756832
225,4.635824945576678,450.89,32.81082436791453
226,6.0405111059203005,587.51,72.425111759441
227,3.5405111059203005,344.35,-70.81022211840602
228,1.7289731776269086,168.16,-25.05680390618474
229,1.5331188821610013,149.11,-2.4021433482489774
230,1.33432606480884,129.78,-2.1220355015181767
231,0.6924291153630071,67.35,-3.5557450948719276
232,0.06534059523518843,6.36,-0.3277946973624409
233,0.7230706651057217,70.33,32.3779265954066
234,1.845566567405643,179.5,40.35820454667282
235,1.3304993349442535,129.41,-5.482372881931647
236,1.4232194986011717,138.42,30.659805724150086
237,0.024530097157853037,2.39,-0.27447989528851136
238,0.6979602679449759,67.88,32.35013751222406
239,2.0105708559778046,195.55,43.19548296773347
240,2.7748683387047053,269.89,40.60412443085291
241,1.2407492163960203,120.68,-15.22765679090121
242,0.0,0.0,-0.0
243,0.0,0.0,-0.0
244,0.0,0.0,-0.0
245,1.0122926922783613,98.46,35.12368247420086
246,0.0,0.0,-0.0
247,0.15640758171693558,15.21,30.1223166580927
248,0.0,0.0,-0.0
249,0.0,0.0,-0.0
250,0.0,0.0,-0.0
251,0.0,0.0,-0.0
252,0.0,0.0,-0.0
253,0.0,0.0,-0.0
254,0.0,0.0,-0.0
255,0.1665623412215591,16.2,30.138715067566036
256,0.9139583778239445,88.89,33.41544434602581
257,2.345819494460485,228.16,46.794438603829775
258,1.612314417309055,156.82,-9.461126488485132
259,0.0,0.0,-0.0
260,0.7273097362846888,70.74,32.64489726247252
261,1.4020756126410003,136.37,34.730363897407585
262,1.367510178641465,133.01,-0.378148662588196
263,0.0,0.0,-0.0
264,0.0,0.0,-0.0
265,0.0,0.0,-0.0
266,0.7288136709603759,70.89,32.655846834893694
267,0.7277137083045884,70.78,-0.0064036632259174215
268,0.5976017683481574,58.12,-0.6220410032093795
269,0.7963031384314414,77.45,30.791132623039733
270,0.0,0.0,-0.0
271,0.0,0.0,-0.0
272,0.0,0.0,-0.0
273,0.5653717150422264,54.99,31.598225880848943
274,0.5155456483093694,50.14,-0.20550089501197288
275,0.0,0.0,-0.0
276,0.0,0.0,-0.0
277,0.0,0.0,-0.0
278,0.0,0.0,-0.0
279,0.0,0.0,-0.0
280,0.9920718014935584,96.49,34.921032296593374
281,0.9795231385920021,95.27,-0.09833364536372372
282,0.8345882349702434,81.17,-0.9676877231941278
283,0.0,0.0,-0.0
284,0.0,0.0,-0.0
285,0.0,0.0,-0.0
286,1.0238961356661318,99.59,35.241816483160186
287,0.0,0.0,-0.0
288,0.8125013784920495,79.02,33.300792450257404
289,0.8820409816987966,85.79,30.306683899397118
290,0.0,0.0,-0.0
291,0.0,0.0,-0.0
292,0.12399548426496654,12.06,30.07687440059052
293,0.0,0.0,-0.0
294,0.0747232906627967,7.27,30.027917850837383
295,1.4895119774047307,144.87,40.5367234719941
296,1.291607912465317,125.62,-2.044915649478373
297,1.435335034904357,139.6,31.03148287151371
298,0.40906633057307396,39.79,-3.358495784502247
299,0.44046616248875414,42.84,30.069152817333457
300,1.500996153024813,145.99,37.95925717981033
301,1.4419680051113766,140.25,-0.680933605537258
302,0.0,0.0,-0.0
303,0.0,0.0,-0.0
304,0.0,0.0,-0.0
305,0.0,0.0,-0.0
306,1.2672845084217665,123.26,38.03005012642899
307,2.5005295761481943,243.2,45.41882883244408
308,2.389088256511475,232.37,-2.129945184273827
309,3.0880361799385416,300.35,40.791882377178474
310,3.9651187791458757,385.65,47.388683424895376
311,1.4651187791458757,142.5,-29.302375582917513
312,2.6396828029092863,256.74,45.50238227222105
313,0.7604770936018652,73.97,-11.432743168753113
314,1.4681027554056796,142.79,35.194335919449735
315,0.5350745326104096,52.04,-3.9939171217960014
316,0.4568817277786577,44.44,-0.28579891017112147
317,0.0,0.0,-0.0
318,0.0,0.0,-0.0
319,0.0,0.0,-0.0
320,0.0,0.0,-0.0
321,0.9311817551603709,90.57,34.335497305717745
322,1.577933235924665,153.47,35.10265328440735
323,1.4534312626755392,141.36,-1.447640481480583
324,1.5551536429060588,151.26,30.790969650902838
325,2.656107891013699,258.34,44.62126633021878
326,2.7113953752618323,263.71,30.74953114550125
327,2.629588289524031,255.76,-1.720951637249683
328,2.807711665524011,273.08,32.50059540348832
329,4.089893482355416,397.79,56.21993527926695
330,5.425165084845382,527.66,66.22034438307053
331,6.320261953735355,614.72,58.2862334267647
332,6.900365597541405,671.14,50.014636133638376
333,5.455596863872012,530.62,-63.05660617941661
334,5.453243370230542,530.39,-0.1026733887778069
335,6.159697429119975,599.1,51.757716251663055
336,7.167619129065262,697.13,66.12199428563909
337,8.024680737948053,780.49,64.38822892018254
338,9.312232577600561,905.72,89.94991093280805
339,10.797941401313748,1050.22,110.2129840893489
340,11.870346513748398,1154.53,93.64910143857301
341,9.370346513748398,911.37,-80.0
342,7.654755435475843,744.51,-80.0
343,7.750786452739471,753.85,33.72157953824861
344,8.801873626926444,856.08,76.25768239038473
345,10.061069676243589,978.55,93.34429594115227
346,9.931689289954422,965.97,-10.279726374706271
347,7.961351939228939,774.33,-80.0
348,6.799707655970346,661.35,-63.19073221110109
349,8.058454586992683,783.78,80.71777490079955
350,8.253385056916054,802.74,38.04418113801586
351,8.757178729325396,851.74,52.059056159959106
352,8.044024386132238,782.37,-45.89304742177514
353,8.050699899300852,783.02,30.268712765971767
354,8.162911722051549,793.94,34.57987601642218
355,9.433234247381506,917.49,89.91624975581358
356,8.353051064697896,812.43,-72.18260227347274
357,9.550359083962237,928.88,87.17360759041014
358,7.0503590839622365,685.73,-80.0
359,6.394983987647507,621.98,-33.5289059746851
360,7.015751171956737,682.36,51.775740504148814
361,7.817847903246835,760.37,61.353351244587174
362,6.632597548603977,645.1,-62.89030877348972
363,7.270952238396924,707.18,53.20723230320599
364,8.384823328138177,815.52,76.69806148900574
365,9.342183509829175,908.63,74.71917251180355
366,10.670318870560687,1037.81,100.85813901136189
367,11.516017691736188,1120.06,78.69541293268762
368,11.4046105140296,1109.23,-10.164443761687386
369,11.330516788959207,1102.02,-6.716161566932964
370,11.481460978837132,1116.7,38.665299130327895
371,12.765918397629056,1241.63,111.98639296763471
372,12.828410130315909,1247.71,34.00834788330506
373,13.761391637283557,1338.45,94.19561953862402
374,12.66961013882996,1232.26,-80.0
375,11.4266610509738,1111.37,-80.0
376,11.56382098705094,1124.71,37.930464736956985
377,12.637093258600625,1229.1,97.8152089372175
378,11.413883330859107,1110.13,-80.0
379,12.761822723302583,1241.23,116.01081784059916
380,13.96254875978512,1358.02,113.8259791576548
381,14.142083275097209,1375.48,42.69496033148881
382,14.2772744599163,1388.63,39.65080825111721
383,11.7772744599163,1145.47,-80.0
384,9.89384631541488,962.29,-80.0
385,11.339998710871646,1102.94,111.9968315010183
386,8.839998710871646,859.79,-80.0
387,8.131816168421837,790.91,-46.07048199109949
388,8.887561362227768,864.42,63.583658920794655
389,7.604354368876099,739.61,-78.06368564852899
390,9.03220336170111,878.48,94.48311236497803
391,7.769521086726514,755.67,-78.4834924900075
392,6.397388125372662,622.22,-70.22453690718046
393,6.356584381135831,618.25,-2.0749795464616105
394,6.232405062269402,606.17,-6.191486524258391
395,4.673728594635784,454.57,-58.278646212521096
396,5.318043994864832,517.24,47.1324882249351
397,2.8180439948648317,274.09,-56.360879897296634
398,2.8438433229611815,276.6,30.366846234718444
399,1.6044632078873862,156.05,-15.908318361785115
400,0.6481095292951453,63.04,-4.9585754597767835
401,0.0,0.0,-0.0
402,0.0,0.0,-0.0
403,0.6726046201197925,65.42,32.261984875032454
404,1.4140233680853913,137.53,35.24191717579985
405,2.8892457105227036,281.01,51.3113991247713
406,4.371736655497599,425.2,62.40530002795012
407,4.321773062855163,420.34,-1.727450470444373
408,3.2511531719080238,316.21,-27.845994034884917
409,4.544008849884912,441.96,59.37373821175467
410,5.401520017215353,525.36,53.15931867660542
411,6.598888892828493,641.82,69.50652086951044
412,7.907166906533872,769.06,81.72386307258523
413,8.95128829011923,870.61,76.7311575717535
414,9.093430855157377,884.44,36.46281793374554
415,7.370007518709027,716.82,-80.0
416,7.529289537115882,732.31,35.99640217320716
417,8.951157842599697,870.6,93.63683816887698
418,10.059989016793493,978.45,85.77414716933909
419,9.951271310133686,967.87,-8.655035161498088
420,7.451271310133686,724.72,-80.0
421,8.88975320199042,864.63,93.93874502069319
422,10.169497497473019,989.1,95.07178205157837
423,11.011450333775471,1070.99,76.35560920162922
424,12.228221147921847,1189.33,104.39471300859398
425,12.303620075101414,1196.67,34.63839877043819
426,13.495980196724823,1312.64,110.46034294396964
427,14.420629312656162,1402.57,96.67011072560541
428,15.275937224276284,1485.76,95.32814982667917
429,16.407583851142224,1595.82,122.8379346008258
430,16.45301932894336,1600.24,33.737753972409195
431,16.320995614630263,1587.4,-17.238067698650024
432,17.335170658156144,1686.04,117.90448728382057
433,15.611100820476977,1518.36,-80.0
434,15.582673754088939,1515.59,-3.5437576104850916
435,15.447278062283344,1502.42,-16.731959198049985
436,16.209158466386864,1576.52,91.74720101274409
437,15.409656835051466,1498.76,-80.0
438,16.516672295840504,1606.43,121.42105796140716
439,17.526285590058063,1704.63,118.47385464988125
440,18.885936543627263,1836.87,158.39140815295116
441,18.93932614867623,1842.06,35.05581571485712
442,19.909914028175116,1936.47,126.62160618805802
443,19.332362789284115,1880.29,-80.0
444,19.193052737696906,1866.74,-21.390281336036868
445,19.219317582714478,1869.3,32.52396198826737
446,19.190532570501787,1866.5,-4.419197715279652
447,19.330520525908174,1880.11,43.53020022681533
448,18.199561336354023,1770.11,-80.0
449,16.296671311516345,1585.04,-80.0
450,14.37616312551833,1398.25,-80.0
451,15.29891578716289,1487.99,100.58557631440274
452,16.42258619816059,1597.28,122.26787091466149
453,13.922586198160591,1354.13,-80.0
454,14.483622879280261,1408.7,70.62921855390167
455,14.551005346316055,1415.25,34.90241319042893
456,15.239199606345876,1482.19,82.43764848267972
457,15.175351322652062,1475.98,-7.751361091215766
458,13.907202731421492,1352.63,-80.0
459,13.718599071218119,1334.29,-20.699023981554657
460,13.658861672190985,1328.48,-6.527558959744693
461,14.592745048402685,1419.31,98.13961006999438
462,15.562534088489045,1513.63,105.46187497493526
463,14.10910119404139,1372.27,-80.0
464,12.938252588866229,1258.39,-80.0
465,11.470681865590587,1115.65,-80.0
466,12.881701105247554,1252.89,120.88164049507367
467,10.381701105247554,1009.74,-80.0
468,9.216311478753942,896.39,-80.0
469,10.711363801093054,1041.8,110.07024663121629
470,11.728070160860666,1140.69,89.62001760173902
471,9.228070160860666,897.53,-80.0
472,9.100257564458712,885.1,-9.305020377919906
473,9.292627034758944,903.81,38.938088701870996
474,7.970381408890249,775.21,-80.0
475,8.081368908891525,786.0,34.484654658929536
476,8.092782304962551,787.11,30.461830648815642
477,8.962182230574458,871.67,68.95860282290892
478,10.18907598391902,991.0,92.50456838511676
479,10.168627518601726,989.01,-1.6634626171088516
480,8.960055677069068,871.47,-80.0
481,9.728947699281713,946.25,67.40255135250894
482,10.647083833007029,1035.55,78.87736192943194
483,8.147083833007029,792.4,-80.0
484,9.150593342855426,890.0,75.91353720155425
485,7.314667714145804,711.43,-80.0
486,7.314640662585484,711.43,-0.0015829795448251951
487,5.530051159396798,537.86,-78.9509700092476
488,6.429269764749252,625.32,58.906594956462605
489,4.716783373114087,458.76,-64.61941870999107
490,3.152230368706889,306.59,-39.454651951551774
491,3.668945957783895,356.85,39.47900785934004
492,4.550027449077348,442.54,50.04472485129606
493,4.378394809265503,425.85,-6.011803674021746
494,4.894970692166437,476.09,42.64311903540037
495,6.046759968176527,588.12,64.8229664297642
496,6.867786282343843,667.97,58.19316628940809
497,7.065170467583783,687.17,36.972764581626556
498,6.11460524118316,594.71,-46.4986489234857
499,4.174198301207787,405.99,-64.797146819976
500,5.148204591195842,500.72,55.071918269850656
501,6.585456653324291,640.51,77.32480577523927
502,6.601316297361632,642.05,30.52347263327024
503,5.271268866097168,512.69,-56.08830091885506
504,3.651641490154611,355.16,-47.31438819665666
505,4.480002880242201,435.73,48.555307067369185
506,4.368054349852994,424.84,-3.9119781210098235
507,4.225171662974193,410.95,-4.829631037839357
508,5.595363409179571,544.21,68.33360380138716
509,6.481367420202167,630.39,58.71258765605147
510,6.4916882081827545,631.39,30.334996688163688
511,7.865814143780783,765.04,84.04309609781487
512,7.084575100042791,689.06,-44.277973411579374
513,8.11242189616075,789.03,71.69163427363004
514,9.167089206948416,891.6,78.34114660821466
515,7.634643583526889,742.56,-80.0
516,7.565030466450483,735.79,-4.213002812380745
517,6.05374541637029,588.8,-73.1914795580153
518,5.181306997749191,503.94,-36.16297026805394
519,3.8855255405890796,377.91,-40.27833557453878
520,4.427000620165579,430.58,41.98555256544684
521,4.9641132846595735,482.82,43.331440565867695
522,5.032253297434041,489.44,31.714489019857556
523,6.300042275092213,612.75,69.93562077571214
524,6.115986245746394,594.85,-9.00547315140579
525,6.809402644761312,662.29,53.60875730686526
526,7.361715591198789,716.01,50.32985414504857
527,7.366540002208357,716.48,30.17769608344537
528,7.339482240114094,713.85,-1.588719714784569
529,6.020570824202821,585.57,-63.52479672274754
530,3.520570824202821,342.42,-70.41141648405642
531,2.5048731458189692,243.63,-20.353550710835055
532,1.9325366853697468,187.96,-8.84848964954235
533,2.6676085494607613,259.46,39.80441994558625
534,3.5892664354932124,349.1,46.54037857671952
535,1.7117024095658147,166.48,-25.71064693835215
536,1.561919653489304,151.91,-1.8715890437575706
537,0.8240528886830691,80.15,-4.864329912014469
538,0.0,0.0,-0.0
539,0.0,0.0,-0.0
540,0.0,0.0,-0.0
541,0.18939495893007852,18.42,30.17935225234063
542,1.5872456765977603,154.38,41.09366254073552
543,2.323060313745274,225.94,38.54670890915134
544,1.3493873902201154,131.24,-10.510895721628831
545,2.7198122470431816,264.53,48.63649154619887
546,2.761782996232894,268.61,30.57957050725652
547,2.6631586132328064,259.02,-2.101219000491638
548,2.7890062857374684,271.26,31.754949748304664
549,3.4195169570767345,332.59,40.78020966131228
550,2.347035761068563,228.28,-20.137213760838094
551,2.2463520526674023,218.48,-1.809368440296906
552,3.6190382175868643,351.99,54.83901845798139
553,4.183468473166471,406.89,41.806380897592895
554,2.4885397224025474,242.04,-33.7431801833452
555,1.8111956570267584,176.16,-9.814421036171822
556,1.850581534268613,179.99,30.364433885673733
557,1.9005100519428126,184.85,30.474448248592104
558,0.3237192245501035,31.49,-4.083500031370271
559,0.0,0.0,-0.0
560,0.727001165214658,70.71,32.64265347111735
561,0.6227796599765301,60.57,-0.5192562687555473
562,1.2846273741003653,124.94,34.251138455246156
563,0.18790285493943149,18.28,-1.6486213458593175
564,0.0,0.0,-0.0
565,0.0395941155893679,3.85,30.00783846994652
566,0.0,0.0,-0.0
567,0.0,0.0,-0.0
568,0.0,0.0,-0.0
569,0.0,0.0,-0.0
570,1.4176063476443932,137.88,40.048038784408384
571,1.5596824612060474,151.7,31.107968112392154
572,1.6887137222155957,164.25,31.089484305308034
573,0.1701932840022755,16.55,-2.067535841632796
574,1.3914966281888463,135.34,38.49719742715688
575,2.018232337330855,196.3,36.32449137575193
576,1.832659663158799,178.25,-2.720732436317102
577,3.120960852826768,303.55,50.10368789801942
578,0.620960852826768,60.4,-12.419217056535361
579,1.1423368139148389,111.11,32.97793477120567
580,0.015381778430031634,1.5,-0.13867658125148594
581,1.4443312403231472,140.48,40.31938174327588
582,1.42620813134411,138.71,-0.2067786031291069
583,1.331863189028338,129.54,-1.0052364459310312
584,2.2035177657525202,214.32,39.60353172705614
585,3.28806503186915,319.8,47.83030970563688
586,3.1168439199347504,303.15,-4.269355853577605
587,2.2464499037389327,218.49,-15.6423724311843
588,1.3739105098608686,133.63,-9.590328348133635
589,2.3556067928820457,229.11,41.5624521641587
590,3.5280794434069755,343.15,50.682883281369485
591,4.732392841790885,460.28,58.49642052892435
592,4.811252253291987,467.95,31.897062606389795
593,4.671644546603845,454.37,-5.217580652908211
594,3.8432132798947807,373.8,-25.470704365570654
595,2.1938663188009393,213.38,-28.94757396768369
596,3.084965441907702,300.05,43.745050000493094
597,4.4004423709133285,427.99,58.94340208177651
598,4.504443071853228,438.11,32.34232618408305
599,5.103883634768817,496.41,45.29737439540742
600,5.977290766506012,581.36,56.10304191966619
601,7.298037265128951,709.82,78.19428582369393
602,7.373575368736416,717.16,32.784929500805355
603,7.208844841233288,701.14,-9.500134507076476
604,8.17044692212491,794.67,69.28359381064931
605,8.69592315790373,845.78,52.847504838185614
606,8.785889856791377,854.53,33.95218753602994
607,10.129383982855032,985.2,98.04383940804505
608,11.494070127618567,1117.93,108.42899125050744
609,11.526484390585804,1121.08,31.86811248062095
610,12.556031001064198,1221.22,94.63509579103646
611,11.013521964817024,1071.19,-80.0
612,10.376639874104606,1009.25,-52.86956878071665
613,11.55971424044117,1124.31,98.38000800020848
614,9.673259563078625,940.83,-80.0
615,7.959518607981346,774.15,-80.0
616,6.960196791030152,676.96,-55.64381202840098
617,7.611572361022951,740.31,54.7899614260138
618,7.750687578508847,753.84,35.39119294074748
619,6.693046974204834,650.97,-56.63070597146518
620,5.577931664818489,542.52,-49.76029595319969
621,6.507262387434981,632.91,60.236994283850365
622,7.999207399342262,778.01,89.67188789330251
623,9.49190827300708,923.2,100.84289885931992
624,9.360820153597931,910.45,-9.816738480499374
625,10.23112584737182,995.09,74.52103539342443
626,11.365644563663661,1105.44,94.47268240098524
627,12.856560196189111,1250.45,125.84023288501406
628,11.080414244653737,1077.7,-80.0
629,12.041993955616123,1171.22,87.89668533626076
630,12.15413936493183,1182.13,36.81515466980216
631,12.122136785735925,1179.02,-3.1035171400727304
632,13.532942924822684,1316.23,125.4617947912528
633,11.032942924822684,1073.08,-80.0
634,9.315645524322312,906.05,-80.0
635,9.25772928005817,900.42,-4.289383282521226
636,7.4418874742323,723.81,-80.0
637,8.831329949696778,858.95,91.35312473475142
638,8.75502850356029,851.53,-5.344170686302591
639,6.25502850356029,608.37,-80.0
640,6.900432137731525,671.15,52.267819895219574
641,8.29675469453553,806.95,87.92472864124741
642,7.347188850985704,714.6,-55.813116632048896
643,7.47804325191862,727.32,34.892674349401204
644,7.4234387252325815,722.01,-3.242826863793038
645,8.848179538770953,860.59,93.03181257201051
646,9.841060412202273,957.15,78.8550032877889
647,11.226026931040336,1091.86,107.7383571953264
648,12.02360164635421,1169.43,77.94860330069201
649,11.899949623623133,1157.41,-11.771622730871353
650,13.236947405836645,1287.44,118.48884662440248
651,13.273155624895491,1290.97,32.40298663234191
652,14.396402770083075,1400.21,110.8535915623322
653,14.327430547728005,1393.51,-7.90555780411774
654,15.707969145292331,1527.78,138.42728847212794
655,15.813518232518904,1538.04,38.345512076415616
656,16.90490541478642,1644.19,122.24898543571318
657,17.78700605733556,1729.99,108.44964736100567
658,18.531272720544536,1802.38,98.961042563676
659,19.334131025262113,1880.46,107.6128382906474
660,19.380137315250533,1884.94,34.458041086704036
661,19.183490547060547,1865.81,-30.178971349461037
662,19.1847628232777,1865.94,30.12204158735906
663,19.859659332259625,1931.58,97.01607376456137
664,21.203919337334725,2062.32,172.51790358008776
665,20.574528774597173,2001.11,-80.0
666,21.854753354288537,2125.62,169.89496213626234
667,21.981330313310913,2137.93,43.911649731626234
668,22.017310832630674,2141.43,33.96097138891331
669,20.167662797285374,1961.53,-80.0
670,20.114056135953234,1956.32,-8.625979162365304
671,20.297577142208034,1974.17,48.62515890836225
672,21.19055014014965,2061.02,124.61294543340786
673,20.15816773877779,1960.61,-80.0
674,21.347122787008043,2076.25,156.90384701402124
675,21.983235941256165,2138.12,99.91912777586572
676,21.917003698335073,2131.68,-11.612898504404619
677,23.342778499971512,2270.35,180.0
678,23.382306856220882,2274.19,34.621320776723785
679,23.39909528092946,2275.83,31.964169746863472
680,23.571319208629397,2292.58,50.29772587589575
681,21.82248199488918,2122.48,-80.0
682,22.394092274330987,2178.08,94.00346671387946
683,20.74866842232155,2018.04,-80.0
684,20.584520701892536,2002.08,-27.031217194716255
685,21.58734508541094,2099.61,138.24158013538144
686,22.476218488105665,2186.07,129.89256403616278
687,22.411900162059705,2179.81,-11.531967215462883
688,22.42660749083669,2181.24,31.649177448600717
689,23.622877573937792,2297.59,171.29670859230873
690,23.69779883368755,2304.88,38.87734470958084
691,23.641030799292725,2299.36,-10.736438796347059
692,23.815325305936003,2316.31,50.75440187373667
693,24.00716137567977,2334.97,53.027197420074245
694,25.246773338187317,2455.54,180.0
695,22.746773338187317,2212.38,-80.0
696,21.524195708677535,2093.47,-80.0
697,19.024195708677535,1850.32,-80.0
698,20.059027941197346,1950.97,133.78864333283263
699,18.138666834376135,1764.19,-80.0
700,18.25906465669548,1775.9,40.99175811127104
701,18.431643462692644,1792.69,45.90455510678468
702,19.20844992529323,1868.24,104.60624019253768
703,18.355957647740446,1785.33,-80.0
704,18.489144905275275,1798.28,42.31259252048827
705,17.948225434554512,1745.67,-77.66835681948928
706,16.157699435080666,1571.52,-80.0
707,16.73116608944079,1627.3,77.97382920427579
708,14.23116608944079,1384.14,-80.0
709,12.373316464126635,1203.45,-80.0
710,11.401075959488184,1108.88,-80.0
711,11.339753912031615,1102.92,-5.56301542031531
712,12.093592794378802,1176.24,75.58310237838256
713,11.182056612621105,1087.58,-80.0
714,8.682056612621105,844.43,-80.0
715,8.59457712163583,835.92,-6.014793854675171
716,6.0945771216358295,592.77,-80.0
717,5.251085158567853,510.73,-35.43398502910013
718,6.547643746104564,636.83,72.44701863571456
719,7.355526189922211,715.41,59.71200236939529
720,6.820900432840986,663.41,-29.173032463066125
721,7.001674499868156,680.99,36.32860587670797
722,5.778723342259769,562.05,-56.53677120732153
723,6.989077920579378,679.77,72.29631229702872
724,7.031163078628663,683.86,31.47953804717193
725,6.1920374535633655,602.25,-41.56717838919273
726,6.781035674385744,659.53,49.970089737731385
727,7.807887550277578,759.41,70.08771988877515
728,9.108547208406819,885.91,89.23559949070227
729,7.375344330333841,717.34,-80.0
730,6.811436719823845,662.49,-30.728168038527315
731,4.86823060140449,473.49,-75.67980392420431
732,5.374027994322179,522.69,43.59084674497417
733,5.929726407034284,576.73,46.47569776103001
734,6.78574289306547,659.99,59.043538932165006
735,5.501169276795637,535.05,-56.533255292846995
736,6.504174471846592,632.6,62.61860392389966
737,6.348672740873566,617.48,-7.897836804696839
738,5.626591397804509,547.25,-32.50285338741985
739,4.962351646422643,482.65,-26.369529791113354
740,5.906156844789162,574.44,57.871307662400035
741,6.631963767220397,645.03,54.06762605780848
742,5.058899720673501,492.04,-63.663786125420984
743,4.394728150240967,427.44,-23.35082797735684
744,2.6289524969021594,255.7,-37.1371225025128
745,1.576944922596865,153.38,-13.271664022673425
746,2.422060837376946,235.57,40.23461080116414
747,3.3664089948230735,327.42,45.89531065735619
748,4.031727485303313,392.13,43.411914222748464
749,5.222754826860017,507.97,61.10221898518766
750,5.37208408047471,522.5,34.01104653046331
751,6.501692037193623,632.36,66.72181528674957
752,4.001692037193623,389.21,-80.0
753,4.1469826298791626,403.34,33.01258782075891
754,2.1617920929175405,210.26,-34.33255364590689
755,2.885641763245066,280.66,40.443854195041396
756,0.38564176324506594,37.51,-7.712835264901319
757,0.0,0.0,-0.0
758,0.0,0.0,-0.0
759,1.1399745691089123,110.88,36.49771009107525
760,1.9096292702679638,185.73,37.348775726663334
761,1.8618429011518198,181.09,-0.7117656968857058
762,1.8602924816517643,180.93,-0.023073869914877424
763,1.801650220452416,175.23,-0.8452227425410713
764,2.4348573342035182,236.82,37.70884492493356
765,1.6421111032272102,159.71,-10.414219103421743
766,0.0,0.0,-0.0
767,0.0,0.0,-0.0
768,0.774634248423863,75.34,33.00029109415601
769,0.6487499441712838,63.1,-0.6533394828472127
770,1.3340675901089682,129.75,34.57130030187619
771,0.07480457634559667,7.28,-0.7535890900179862
772,0.0,0.0,-0.0
773,0.18707809838447903,18.2,30.174991074475763
774,1.3194079730509756,128.33,37.470025323793934
775,1.292943903912066,125.75,-0.27373245492688497
776,2.2856665050780993,222.31,41.34516399159604
777,2.408365229388045,234.24,31.47751670659171
778,3.2997955923723135,320.94,44.707689913411706
779,4.486239007544677,436.34,56.61334364695392
780,2.75238331284707,267.7,-38.17788384776446
781,1.09886615176952,106.88,-14.535952317425192
782,1.7376826698151935,169.01,35.55030196299826
783,1.0704958248495355,104.12,-5.713765855442169
784,2.5182598909511427,244.93,48.22923089612008
785,1.170242082058653,113.82,-12.620057338643925
786,1.222183290692022,118.87,30.31740838645026
787,1.736965377434115,168.94,34.470793307971505
788,2.252409009376876,219.07,35.80494940206906
789,2.2729965437019866,221.07,30.233976971821612
790,3.5531988808217454,345.59,52.74406755739655
791,4.298079519583629,418.04,46.00778108998412
792,4.994011466082621,485.72,47.37746060214582
793,6.363987646354229,618.97,73.59255743524032
794,7.547697982175866,734.1,74.67144056580847
795,8.05839698532004,783.77,50.57707653671481
796,8.22124060740819,799.61,36.69388299284259
797,6.728917683585564,654.46,-80.0
798,4.228917683585564,411.31,-80.0
799,3.437895082020063,334.37,-21.755621693510015
800,2.4423649818333626,237.55,-19.451582840456446
801,1.788612405287593,173.96,-9.354479747187922
802,1.8117425267735572,176.21,30.2095291237278
803,1.8885360885832447,183.68,30.725137064242215
804,1.8966615429285714,184.47,30.077056183878014
805,0.6553306231133711,63.74,-6.507857321379114
806,0.0,0.0,-0.0
807,1.469870570344714,142.96,40.802597467827475
808,1.3737872476664796,133.62,-1.0559843472702528
809,1.5558921490817543,151.33,31.416677932106666
810,2.1394263561434954,208.08,36.242142311495925
811,2.0292237476778787,197.37,-1.7890060012358167
812,0.8814525621015363,85.73,-8.09364681786068
813,0.7245781224193732,70.47,-0.9093422956839434
814,1.849699190724863,179.9,40.405677647560786
815,2.436951714596845,237.02,37.15553022475575
816,3.6090961242536936,351.03,51.15190922979083
817,5.004825232782398,486.78,64.92690130246669
818,4.447184046434199,432.54,-19.839463900498817
819,4.4096994175095245,428.89,-1.3223675706775637
820,4.324894169219425,420.65,-2.9341897907924515
821,5.4307905304372825,528.21,60.02945743073495
822,5.5822549209636065,542.94,34.227564196831636
823,6.848443286166429,666.09,73.35709604347656
824,4.849992685153031,471.72,-77.53976637243727
825,4.912808816762922,477.83,31.543018226040083
826,3.1884179345769246,310.11,-43.98463051986207
827,1.7349661543624664,168.75,-20.173517165359673
828,0.0,0.0,-0.0
829,1.4814104657541125,144.08,40.972884840229085
830,1.4484634044797857,140.88,-0.3817809003281229
831,2.598364557569476,252.72,44.939312004482616
832,0.09836455756947604,9.57,-1.9672911513895208
833,0.9218437545585514,89.66,33.79559577376635
834,0.9821762572288302,95.53,30.296285758309715
835,0.3735476711251453,36.33,-1.8188143273537716
836,0.40481723848856055,39.37,30.06329229954395
837,1.8714297311307027,182.02,43.723311113891064
838,3.266516539779351,317.71,52.785370674394
839,4.315005629445455,419.68,52.621181621606894
840,4.2095934899759175,409.43,-3.5499380486032
841,5.218075503405533,507.52,56.31167644951084
842,4.256697196656146,414.01,-32.73837074612918
843,5.6574394117278795,550.25,69.62307106608915
844,5.836110083423739,567.63,35.213708543481474
845,5.67003081208788,551.47,-7.533396685787386
846,7.024268785004263,683.19,77.56265760311997
847,7.182244593065432,698.55,35.67310446641239
848,8.210245989703058,798.54,72.20072172076605
849,8.247962331137723,802.21,31.555414817107263
850,9.174783680585959,892.35,72.51692695868164
851,10.520398642817105,1023.23,100.78202911205466
852,8.620254847515673,838.42,-80.0
853,8.552301068395302,831.81,-4.64928942218113
854,8.45555292810805,822.4,-6.54447216715903
855,8.404011801893141,817.39,-3.4652178639436193
856,9.81577497559094,954.7,99.28774815921851
857,8.736100015431145,849.68,-75.45718748890097
858,10.175518886337304,989.68,103.23416953127972
859,9.302153597321514,904.74,-64.99342451995187
860,10.632310123483812,1034.11,100.71318349466736
861,11.763930868733972,1144.18,96.56154108374051
862,11.860884240616812,1153.61,35.749763603199234
863,13.12070963733291,1276.14,112.64901612024829
864,12.001839666189275,1167.32,-80.0
865,12.63081565033155,1228.49,69.72239852093475
866,13.303543113654431,1293.92,74.74829406027658
867,14.58184400372206,1418.25,123.19992084392604
868,12.08184400372206,1175.1,-80.0
869,13.460910405080526,1309.23,122.81744635671562
870,12.369043416671097,1203.03,-80.0
871,10.434220729243563,1014.85,-80.0
872,8.901164852927813,865.74,-80.0
873,8.117108508098166,789.48,-50.91416341956066
874,6.804934724451918,661.86,-71.43405555879852
875,5.191774201092478,504.96,-67.00132149918706
876,4.120453650969969,400.76,-35.314613376891586
877,2.1694194499138577,211.0,-33.86089234574618
878,2.19564114406601,213.55,30.287867152737906
879,2.099328394326305,204.18,-1.6175367221136527
880,2.8487906010276927,277.08,40.67530445138193
881,4.148451438552532,403.48,56.957899355301535
882,3.981727394031331,387.27,-5.31079756251012
883,2.7822010081569273,270.6,-26.69858816072481
884,2.7883584854141756,271.2,30.085846269794967
885,4.274605267850471,415.75,61.76559162763999
886,1.774605267850471,172.6,-35.49210535700942
887,1.1708877194904228,113.88,-5.655083707325166
888,1.8853525906237425,183.37,36.73509097850432
889,1.7565415248118104,170.84,-1.8100958876314073
890,0.1374423086284131,13.37,-1.780261873365602
891,1.5533580986383702,151.08,40.99712129700956
892,0.3564294362341527,34.67,-3.4129648668258694
893,0.0,0.0,-0.0
894,0.0,0.0,-0.0
895,0.5415742339491673,52.67,31.466513254388136
896,0.0,0.0,-0.0
897,0.056323049618349885,5.48,30.015861429591556
898,0.0,0.0,-0.0
899,0.0,0.0,-0.0
900,0.18556635547382044,18.05,30.17217436141918
901,1.2877129826103657,125.24,37.09624260251977
902,2.4157362143655936,234.96,43.62503285798409
903,3.735094599021614,363.28,54.63964188351291
904,4.27697216932161,415.98,41.58797643676349
905,1.7769721693216098,172.83,-35.5394433864322
906,2.6723226431163,259.91,41.96332672323229
907,0.8385158026602344,81.56,-12.301408117990771
908,0.8495644060427741,82.63,30.046932500851447
909,1.547763635362966,150.54,35.403236886901205
910,2.091585145090113,203.43,35.687244956628895
911,2.153121224768615,209.42,30.662473196224177
912,3.3720607128584588,327.97,50.55168979569781
913,4.81077988622739,467.9,64.60680630586475
914,3.7993333757262153,369.53,-30.74257988087144
915,4.715900104740963,458.67,51.612185666813645
916,4.890013612743683,475.61,34.25708712147929
917,3.6068993865685224,350.81,-37.02451132230826
918,3.757060931480251,365.42,32.820830368992866
919,2.71583806528262,264.15,-22.622341555697588
920,2.656488027826797,258.37,-1.2613013116197251
921,1.9116161026075438,185.93,-11.391273333035251
922,2.058666986453613,200.23,31.51364399951364
923,1.2712840213628258,123.65,-8.007899057705613
924,2.307286596184638,224.41,41.9517742724957
925,1.4635343420153835,142.35,-9.878883201036773
926,2.941414735375349,286.09,51.7352958307566
927,3.7750249642232467,367.16,45.73449712166334
928,2.988097986501181,290.63,-18.81131934123811
929,1.0054823706160239,97.79,-15.947880395844448
930,1.7410043272258933,169.33,36.40273454613719
931,2.978999823629734,289.74,48.439941827207235
932,2.9637195877093587,288.26,-0.3622906760162941
933,4.048411200713884,393.75,51.95638837703966
934,4.068643024317029,395.72,30.411580339860738
935,4.026902333224049,391.66,-1.3446854908216581
936,2.403707108248129,233.79,-31.21348720279232
937,2.5878659675361364,251.7,32.38289222285855
938,0.0878659675361364,8.55,-1.757319350722728
939,0.0,0.0,-0.0
940,0.050766406672133835,4.94,30.012886140232002
941,1.4646102819187419,142.45,40.3536513835701
942,1.3572881584766858,132.01,-1.1653363783238064
943,0.0,0.0,-0.0
944,0.0,0.0,-0.0
945,0.0,0.0,-0.0
946,0.08633078114327197,8.4,30.037265018864037
947,0.149339344224516,14.52,30.04704828745541
948,0.0,0.0,-0.0
949,0.0,0.0,-0.0
950,1.3747476199043636,133.71,39.44965509216356
951,1.2487216288537242,121.45,-1.2589710465812736
952,1.412244841773747,137.36,31.15467406978286
953,2.7577625173044535,268.22,48.553091059745995
954,1.5067741692512053,146.55,-15.079655431046966
955,0.0,0.0,-0.0
956,1.422638694688671,138.37,40.11950427812743
957,0.0,0.0,-0.0
958,1.1190396347254707,108.84,36.261248520432574
959,2.600119391965768,252.89,49.25492098924225
960,3.6397985871270424,354.01,48.921114328066935
961,3.532194566594924,343.55,-3.040626693338539
962,3.5285979782480954,343.2,-0.101527314953672
963,2.4800191074089053,241.21,-20.803965082451565
964,2.5467961246864954,247.7,30.850337244103446
965,2.5570807612230593,248.71,30.131493231119094
966,2.429558914004604,236.3,-2.478574725119451
967,1.3338569203122002,129.73,-11.692077495091901
968,0.0,0.0,-0.0
969,0.15825672103977867,15.39,30.125225948771313
970,0.24864025937930467,24.18,30.112364932081796
971,1.4329498812106245,139.37,38.48528165959895
972,0.0,0.0,-0.0
973,0.0,0.0,-0.0
974,0.0,0.0,-0.0
975,0.6173769203131297,60.05,31.905771308676623
976,0.0,0.0,-0.0
977,0.0,0.0,-0.0
978,0.0,0.0,-0.0
979,1.3448118190062035,130.8,39.04259414269387
980,1.3296750576827463,129.33,-0.1610157918871828
981,1.3592292684396852,132.2,30.200854741332332
982,2.0527882261634955,199.66,37.11864831282832
983,2.7040161535336438,263.0,38.804654176205574
984,3.762692564597275,365.96,49.91736930111827
985,2.301371572983441,223.83,-26.904340712832408
986,3.2270959849685577,313.87,44.937007665522735
987,3.1972573711988126,310.97,-0.7632138225733721
988,2.6100867404788706,253.86,-12.260530221125888
989,1.6660859878987033,162.05,-12.58229141151718
990,1.739165205060004,169.15,30.63548415849979
991,0.0,0.0,-0.0
992,0.0,0.0,-0.0
993,0.0,0.0,-0.0
994,0.0,0.0,-0.0
995,0.9288006929140887,90.34,34.31335363578846
996,0.0,0.0,-0.0
997,0.0,0.0,-0.0
998,0.19227961454231207,18.7,30.1848572508427
999,0.010478900958553583,1.02,-0.015240573374708579
1000,0.0,0.0,-0.0
1001,0.0,0.0,-0.0
1002,1.1682889887508017,113.63,36.82449580618186
1003,1.315144708750437,127.91,30.96568261553628
1004,2.6137650170284683,254.22,46.97144166089922
1005,1.5835899206551962,154.02,-13.050999193013672
1006,2.3450106350610342,228.08,38.927698365187304
1007,3.3868097078437653,329.41,47.641876066615936
1008,3.373793664661913,328.14,-0.3513075522071916
1009,2.6789472126232647,260.56,-14.891655727120817
1010,1.9956493405753142,194.1,-10.908983582152063
1011,2.1812637939109467,212.15,32.024370433437944
1012,2.2228428903428195,216.2,30.462118994452332
1013,3.4040470744598386,331.08,50.10437323641629
1014,4.038593495471781,392.8,42.813375242368636
1015,5.193794782696516,505.16,59.99939209276066
1016,6.034941605948063,586.97,55.38135980175902
1017,3.534941605948063,343.81,-70.69883211896126
1018,4.999165930797357,486.23,66.59950179915677
1019,4.85959573818593,472.65,-5.426037705538249
1020,5.036999491750362,489.91,34.46791308269326
1021,3.6250982951459423,352.58,-40.94624496580158
1022,4.886828157838684,475.3,60.829285102964135
1023,5.641060512496036,548.66,51.27335176552248
1024,7.0052046072600636,681.34,77.78054248803785
1025,8.066990867870038,784.61,72.82710033985268
1026,8.185586414722517,796.14,34.85387048581117
1027,8.869713970898315,862.68,60.340078714445006
1028,6.916210910640699,672.68,-80.0
1029,5.781677680356951,562.33,-52.47604364123853
1030,4.69452583581729,456.6,-40.82929937318292
1031,5.490655759313194,534.03,51.8563767480218
1032,5.675487044452032,552.01,35.245037821074455
1033,6.685385422595141,650.23,63.757799477702086
1034,7.955110767552327,773.72,80.504028817515
1035,6.591950633005652,641.14,-71.88707449450419
1036,7.159040093334507,696.3,50.29908091500852
1037,7.9314409434638895,771.42,60.631258637412486
1038,8.080674342373664,785.94,36.029532487977136
1039,9.53886308408856,927.76,99.54731378988883
1040,9.635648778359911,937.18,34.66296478384235
1041,8.259799937287124,803.36,-80.0
1042,8.33148511736541,810.33,32.986220054789555
1043,8.251130055229744,802.52,-5.304160546219563
1044,9.03606220095189,878.86,65.46347846135967
1045,7.997236257629659,777.82,-66.46189199442301
1046,6.772917055585299,658.74,-66.33769924005463
1047,7.9008789825672014,768.45,74.55945341013657
1048,8.430407727509223,819.95,52.320716116487375
1049,7.0609620807134,686.76,-77.35683026898671
1050,8.30221381604526,807.48,81.52568653131158
1051,6.410987108113455,623.54,-80.0
1052,7.233344597246165,703.52,59.74197550511508
1053,8.228839578607358,800.35,70.95884251464989
1054,7.509798201020622,730.41,-43.198845150882086
1055,7.405867694553049,720.3,-6.157564642613905
1056,8.649258206955087,841.24,83.77202796921713
1057,9.688749097881637,942.34,80.35683215860394
1058,9.580048739727792,931.77,-8.330837833117666
1059,10.119784426303642,984.26,57.31004397665302
1060,11.471223333250633,1115.71,107.51328761416525
1061,12.19486837877795,1186.09,74.12378041580209
1062,9.69486837877795,942.94,-80.0
1063,9.587549635363839,932.5,-8.231390234301411
1064,10.226850806687565,994.68,62.690188498341804
1065,11.15128827292718,1084.59,81.54334338166169
1066,11.120424998142626,1081.59,-2.745701859509661
1067,12.393005264774171,1205.36,108.85546972106222
1068,13.317297639099984,1295.26,91.54538327223628
1069,14.11830558217989,1373.17,86.54437457077736
1070,14.125420271705256,1373.86,30.502489898242455
1071,15.094554711538633,1468.12,103.14326412450627
1072,16.29905190978676,1585.27,128.16081179719458
1073,17.644040047145104,1716.08,148.6551227924287
1074,17.64428787631434,1716.11,30.02186384603071
1075,18.330443546051004,1782.84,92.88768883955368
1076,18.523173313181108,1801.59,47.84983439579966
1077,19.306635745609164,1877.79,105.63011901628715
1078,18.303801093375295,1780.25,-80.0
1079,19.118448700150406,1859.49,107.87399239415137
1080,20.221235462392702,1966.74,141.4985539205557
1081,20.364155595773195,1980.65,44.55223916964502
1082,20.258948421561875,1970.41,-17.051093727403362
1083,19.430741522575524,1889.86,-80.0
1084,20.235707164217587,1968.15,111.44524500762653
1085,18.424824884813383,1792.02,-80.0
1086,18.335909977802753,1783.38,-13.042685845052963
1087,16.882695149136588,1642.03,-80.0
1088,16.759662305302083,1630.07,-16.4959113210181
1089,16.881100155874492,1641.88,40.25002259113495
1090,17.542674195730584,1706.22,88.02888918774332
1091,17.64400451808834,1716.08,38.93936332749806
1092,18.595366379320744,1808.61,118.45461184464504
1093,17.903344826107123,1741.3,-80.0
1094,17.939705065903286,1744.84,33.26145989034339
1095,17.301172035053046,1682.74,-80.0
1096,14.801172035053046,1439.58,-80.0
1097,15.862581718771528,1542.82,114.18348922539928
1098,15.697570823645545,1526.77,-20.722161703306075
1099,16.477192003095393,1602.59,94.22983931737424
1100,17.47517063576868,1699.66,117.19923448408413
1101,17.473665091356793,1699.51,-0.21045903066800276
1102,17.50664103611248,1702.72,32.88649013832262
1103,18.011617400823745,1751.83,75.47720538819073
1104,18.831824055110033,1831.61,107.22993701174926
1105,19.930487936716467,1938.47,139.48453619431578
1106,19.93052524055524,1938.47,30.00371742550106
1107,21.083783292579696,2050.64,151.575214246531
1108,21.589664274024326,2099.84,84.60900276001726
1109,21.5670658107859,2097.64,-3.8990603510860677
1110,21.44108315064069,2085.39,-21.609637533698766
1111,22.31919173742371,2170.79,127.9933695734421
1112,22.160319084405437,2155.34,-28.165349477367787
1113,23.114271734811958,2248.13,140.24960391820187
1114,23.21432143403955,2257.86,41.61292938624173
1115,24.338945041195192,2367.24,166.8607608329592
1116,25.509035409943,2481.04,179.23938324610538
1117,26.53695420747373,2581.02,166.38917029537237
1118,27.055635213470104,2631.47,100.16622045196816
1119,26.929306324094462,2619.18,-27.21559487663462
1120,26.943936251830635,2620.6,31.970939201461693
1121,25.53337610578194,2483.41,-80.0
1122,24.30619815002505,2364.05,-80.0
1123,24.405975138325918,2373.76,42.17577347924008
1124,24.350961265245928,2368.41,-10.717125539375907
1125,24.226616615221467,2356.31,-24.099601314371867
1126,24.756578367745515,2407.86,95.60019829134681
1127,24.666368012866943,2399.08,-17.801294496049408
1128,24.47807686142819,2380.77,-36.87204221795728
1129,24.39527601487953,2372.72,-16.159596046561404
1130,24.488383956184077,2381.77,41.40031508017795
1131,25.651540779066043,2494.9,179.1838233730282
1132,27.150139867652523,2640.66,180.0
1133,28.590968282034048,2780.8,180.0
1134,29.588532666639114,2877.82,177.5823319048139
1135,28.663414736831214,2787.84,-80.0
1136,28.6395909608215,2785.53,-5.458425600483256
1137,28.01952132634379,2725.22,-80.0
1138,29.04748681049849,2825.2,179.29906921315683
1139,29.938259884169184,2911.84,163.3409788868669
1140,30.096314968490613,2927.21,53.7843780005454
1141,31.32745257168958,3046.95,180.0
1142,31.3700667438962,3051.1,36.684047131787366
1143,28.8700667438962,2807.94,-80.0
1144,29.654049969362383,2884.19,146.24138871558074
1145,27.154049969362383,2641.04,-80.0
1146,27.30215314893142,2655.44,50.21767845218801
1147,27.3194187679391,2657.12,32.3584333797927
1148,27.240291368105424,2649.43,-17.243627413359796
1149,28.31523109538319,2753.98,180.0
1150,26.617626046995447,2588.87,-80.0
1151,27.860547297385143,2709.75,180.0
1152,28.408158226091697,2763.02,107.78308954516417
1153,29.102023085751245,2830.5,130.9643558210184
1154,29.15607307018778,2835.76,37.879426478370675
1155,28.50987790482115,2772.91,-80.0
1156,29.763257977946736,2894.81,180.0
1157,30.631834847712014,2979.29,163.030516135963
1158,31.545525583911115,3068.16,174.11427247275668
1159,32.364511590381305,3147.82,162.53041049382264
1160,33.82752982997684,3290.11,180.0
1161,33.9967701030123,3306.57,58.76811327278878
1162,33.97985221808447,3304.93,-4.59893783752241
1163,32.921886835994854,3202.03,-80.0
1164,33.94354614940813,3301.4,180.0
1165,33.86567156198745,3293.82,-21.098201604911495
1166,31.365671561987448,3050.67,-80.0
1167,32.662417037577534,3176.79,180.0
1168,31.600413769932416,3073.5,-80.0
1169,32.85798412917984,3195.81,180.0
1170,32.95953175782832,3205.69,46.73481145685953
1171,32.38084408448106,3149.4,-80.0
1172,32.522547368418124,3163.19,53.042758820516966
1173,32.61338784377959,3172.02,44.81307827438475
1174,31.99789240491009,3112.16,-80.0
1175,30.59151779725786,2975.37,-80.0
1176,31.92109151571601,3104.69,180.0
1177,31.93792197761166,3106.33,32.68764989435205
1178,29.985898254175318,2916.47,-80.0
1179,28.0378492561819,2727.0,-80.0
1180,28.072843047922063,2730.4,34.91187611586643
1181,28.022475123017365,2725.5,-11.29147138111915
1182,29.031883704456128,2823.68,176.5251627330509
1183,27.87981821000448,2711.63,-80.0
1184,27.85636990238588,2709.35,-5.225477844869164
1185,26.970153580913443,2623.15,-80.0
1186,28.123684613577105,2735.35,180.0
1187,28.277307098528578,2750.29,51.720150921059634
1188,28.885374583700916,2809.43,117.82128540685983
1189,29.772420816306003,2895.71,162.0475686031874
1190,28.178688187059876,2740.7,-80.0
1191,28.2281089074781,2745.5,36.97526739125817
1192,28.77844403713755,2799.03,109.18894365287684
1193,28.696734250907102,2791.08,-18.75843216922865
1194,29.57397381843761,2876.4,159.7173000132241
1195,29.408507133163678,2860.31,-38.92902555343559
1196,29.21467586210098,2841.46,-45.301742048285966
1197,28.112316695683003,2734.24,-80.0
1198,28.759064626410485,2797.15,122.99932768394463
1199,28.921387993093106,2812.93,53.47308534086601
1200,30.187880137749335,2936.11,180.0
1201,31.64510548012373,3077.85,180.0
1202,31.69511171740106,3082.71,37.92476638535895
1203,30.098675298278938,2927.44,-80.0
1204,29.11579969946491,2831.84,-80.0
1205,27.97325270411734,2720.72,-80.0
1206,27.020675403055133,2628.07,-80.0
1207,28.133136531683206,2736.27,180.0
1208,29.549015254750508,2873.98,180.0
1209,30.33473175012181,2950.4,149.1724955936715
1210,27.83473175012181,2707.24,-80.0
1211,28.892319565292922,2810.11,180.0
1212,29.05447051727679,2825.88,53.55605026881847
1213,30.001998896868045,2918.04,172.13872699624002
1214,28.86724285171608,2807.67,-80.0
1215,28.778586583873807,2799.04,-20.411216642415823
1216,28.826967538905997,2803.75,36.9733811010709
1217,29.35987625549853,2855.58,108.23066987316675
1218,30.337337331838185,2950.65,178.26783200828845
1219,27.837337331838185,2707.5,-80.0
1220,27.67637037902862,2691.84,-35.639848037929404
1221,28.602863324884837,2781.95,162.50175550897671
1222,29.3734153186823,2856.9,143.16871869225844
1223,26.8734153186823,2613.74,-80.0
1224,25.790775730864418,2508.45,-80.0
1225,26.317304081974868,2559.66,99.2840336197726
1226,27.269862708361302,2652.3,159.88071481611644
1227,25.687618966118386,2498.41,-80.0
1228,25.753686307951263,2504.84,38.50738798382054
1229,26.759449656937694,2602.66,164.56836851997738
1230,24.904318208580314,2422.23,-80.0
1231,24.714742181655673,2403.79,-37.48258103412127
1232,22.214742181655673,2160.64,-80.0
1233,23.19614264080471,2256.09,143.8235251908614
1234,21.804478717013247,2120.73,-80.0
1235,23.165831191496274,2253.14,180.0
1236,23.093405539063244,2246.1,-13.380439704537704
1237,22.500798191816813,2188.46,-80.0
1238,23.202190045530532,2256.68,111.36913543126343
1239,23.339197329467154,2270.0,45.98820017685597
1240,24.425626750931414,2375.67,162.68359769958204
1241,25.120220486169558,2443.23,117.24173888747102
1242,23.34536817819763,2270.6,-80.0
1243,24.5348630413753,2386.29,175.92046778241786
1244,22.0348630413753,2143.14,-80.0
1245,19.5348630413753,1899.99,-80.0
1246,20.371486221887597,1981.36,115.21628797359041
1247,21.678676797401117,2108.5,171.69080999583176
1248,19.178676797401117,1865.34,-80.0
1249,20.31695493066794,1976.05,145.63172766073455
1250,21.67469354517938,2108.11,177.14284191995958
1251,21.520810915371392,2093.14,-26.493431834062626
1252,22.766309246119558,2214.28,171.77700081669207
1253,23.750779307068065,2310.03,146.90965576001918
1254,21.95694463150441,2135.56,-80.0
1255,20.02088915419928,1947.26,-80.0
1256,20.744127585139726,2017.6,105.01475142952414
1257,19.42793679619398,1889.59,-80.0
1258,19.297665251201913,1876.92,-20.111493336110094
1259,20.318513591755703,1976.21,133.71060441331707
1260,20.303503377841714,1974.75,-2.4380794312383585
1261,19.294121279847676,1876.57,-80.0
1262,20.02902350064978,1948.05,103.59686925562536
1263,21.285639556946,2070.27,163.7393821789612
1264,20.57849855592425,2001.49,-80.0
1265,21.490777483902818,2090.22,128.02791722220422
1266,21.50951126622914,2092.04,32.014772510035684
1267,22.110932043110417,2150.54,96.4898696346829
1268,21.94618610868059,2134.52,-28.924359501163686
1269,21.24135876917954,2065.96,-80.0
1270,21.235928598702614,2065.44,-0.922517700214194
1271,21.19392342274332,2061.35,-7.122035861121079
1272,20.37354904616309,1981.56,-80.0
1273,21.19136659651369,2061.1,116.65335759271154
1274,22.055536895167215,2145.15,125.29869952830254
1275,21.87221187217533,2127.32,-32.077789954799364
1276,21.752864575797986,2115.71,-20.769164604672312
1277,22.703757232298685,2208.2,137.94418013583737
1278,23.587037542426696,2294.11,134.16982917737863
1279,24.15516759982077,2349.36,98.6163837742483
1280,24.19351437806743,2353.09,34.638716654315715
1281,24.924456086389554,2424.19,121.09162255392673
1282,26.25520745329398,2553.62,180.0
1283,27.307346260847464,2655.95,173.65559366169035
1284,27.244714298090933,2649.86,-13.651119449842893
1285,28.703826315610137,2791.77,180.0
1286,28.76491879597052,2797.71,38.786601183054046
1287,28.823578788639235,2803.42,38.453954602138715
1288,28.681648105807273,2789.62,-32.56644720322615
1289,29.642082099266208,2883.03,172.34631642517903
1290,30.505155422870708,2966.97,161.640929389444
1291,31.85265802514111,3098.03,180.0
1292,32.579447345807374,3168.72,148.39197202070844
1293,33.76251139342962,3283.79,180.0
1294,34.44324060703261,3350.0,147.23260046181935
1295,34.54414324895424,3359.81,47.42797658369487
1296,34.69582267316888,3374.56,56.31321202859722
1297,35.899370405370306,3491.62,180.0
1298,34.12547989402489,3319.09,-80.0
1299,35.172164466115696,3420.89,180.0
1300,36.36280354689809,3536.7,180.0
1301,37.02356768922155,3600.96,152.3192297496152
1302,37.21181516859513,3619.27,65.02515204201745
1303,36.563415658729355,3556.21,-80.0
1304,37.20934457680096,3619.03,150.17295842323264
1305,38.25188480994575,3720.43,180.0
1306,37.04957266004608,3603.49,-80.0
1307,35.332253340412976,3436.46,-80.0
1308,33.613390496501005,3269.28,-80.0
1309,34.5348815069291,3358.91,180.0
1310,34.72317831073766,3377.22,62.6913174699327
1311,35.49709640396721,3452.5,167.35922582071998
1312,36.38753604070483,3539.1,180.0
1313,37.400836390172735,3637.66,180.0
1314,38.82906440842284,3776.57,180.0
1315,38.120581461343804,3707.66,-80.0
1316,39.19565162833252,3812.22,180.0
1317,40.56389019977341,3945.3,180.0
1318,38.06389019977341,3702.15,-80.0
1319,38.939947275320726,3787.35,180.0
1320,39.717167358299406,3862.95,180.0
1321,40.335897763412,3923.12,154.7852318186803
1322,41.786690597489724,4064.23,180.0
1323,43.033970918548945,4185.54,180.0
1324,43.57121117415973,4237.79,147.04104314238526
1325,41.07121117415973,3994.64,-80.0
1326,42.03329536715747,4088.22,180.0
1327,41.1265177650752,4000.02,-80.0
1328,42.105657043838114,4095.25,180.0
1329,41.36326140340658,4023.05,-80.0
1330,41.86752642181369,4072.09,135.5616449087796
1331,39.36752642181369,3828.94,-80.0
1332,39.2765793342427,3820.09,-28.576724001604585
1333,39.15339184065515,3808.11,-38.5856656504099
1334,37.908458255109984,3687.03,-80.0
1335,37.823690090344286,3678.78,-25.649958349000045
1336,37.624475548497294,3659.41,-59.96274126901793
1337,38.47323853203573,3741.96,180.0
1338,39.059190759613145,3798.95,144.4340991648331
1339,39.17458241296255,3810.17,52.60209916952158
1340,37.92051710113755,3688.2,-80.0
1341,37.836861076261734,3680.06,-25.322251131347084
1342,38.46873276699017,3741.52,151.53651606829328
1343,38.56252054113015,3750.64,48.08346483389806
1344,39.47608092090594,3839.5,180.0
1345,39.326193699380404,3824.92,-47.15595125420277
1346,38.25618200436076,3720.85,-80.0
1347,38.336665241128216,3728.68,45.42729452738153
1348,37.180256925063986,3616.2,-80.0
1349,35.808319937649735,3482.77,-80.0
1350,35.97842441279324,3499.31,60.60045500614258
1351,35.89965668317046,3491.65,-22.621875609362924
1352,35.84018401131374,3485.86,-17.05209202391545
1353,36.95038907006011,3593.84,180.0
1354,37.93712800581787,3689.82,180.0
1355,36.51299936878568,3551.3,-80.0
1356,37.48183831842786,3645.53,180.0
1357,36.74583990232041,3573.95,-80.0
1358,34.76305317122913,3381.1,-80.0
1359,36.26292895880339,3526.98,180.0
1360,37.25301845489103,3623.28,180.0
1361,35.43633932003181,3446.59,-80.0
1362,35.431571498240345,3446.12,-1.3514513495627976
1363,36.810201524823064,3580.21,180.0
1364,37.949254384117836,3691.0,180.0
1365,37.97432353875513,3693.43,34.75992094519791
1366,37.82190969740393,3678.61,-46.11666035375575
1367,38.908871904633614,3784.33,180.0
1368,40.07281798606641,3897.54,180.0
1369,38.358151120034684,3730.77,-80.0
1370,36.93291489568132,3592.15,-80.0
1371,35.85898836521877,3487.69,-80.0
1372,34.63115150777861,3368.27,-80.0
1373,34.562189067285,3361.57,-19.067943255052665
1374,35.44601097914542,3447.53,180.0
1375,35.978876235027336,3499.35,125.85946545660825
1376,36.659452287694194,3565.55,154.74772665443948
1377,34.7813071313413,3382.88,-80.0
1378,35.98533782687763,3499.98,180.0
1379,34.362525505225534,3342.15,-80.0
1380,31.862525505225534,3098.99,-80.0
1381,30.88585646593646,3004.0,-80.0
1382,31.8582299081517,3098.57,180.0
1383,31.807777336977836,3093.67,-12.838273199810116
1384,30.897036219439276,3005.09,-80.0
1385,29.423634503711593,2861.78,-80.0
1386,28.14228536505021,2737.16,-80.0
1387,28.236944246952167,2746.36,43.36438785372166
1388,26.831333297876206,2609.65,-80.0
1389,28.148610323988958,2737.77,180.0
1390,28.324950007738817,2754.92,54.97406363297595
1391,26.593320012287588,2586.5,-80.0
1392,27.809306459566635,2704.77,180.0
1393,27.850578281259644,2708.78,35.747220504356854
1394,26.22856397442575,2551.03,-80.0
1395,27.22321082253266,2647.77,165.38740419991
1396,28.268649911874466,2749.45,177.7657581039616
1397,28.156796672335943,2738.57,-25.195431382626026
1398,28.353989215390936,2757.75,57.9559761956837
1399,28.88935113488225,2809.82,107.33129238214566
1400,27.644311310281743,2688.72,-80.0
1401,29.034616337505984,2823.95,180.0
1402,30.46388951964638,2962.96,180.0
1403,31.04072180442106,3019.06,119.52645239749727
1404,31.890982310128265,3101.76,165.57821373254558
1405,30.16810453865219,2934.19,-80.0
1406,31.54134995846816,3067.75,180.0
1407,31.382611846367784,3052.32,-39.852932458170876
1408,28.882611846367784,2809.16,-80.0
1409,29.07426284275107,2827.8,57.860557214614076
1410,28.2213521380192,2744.85,-80.0
1411,28.339553222138665,2756.34,46.74882957159049
1412,25.839553222138665,2513.19,-80.0
1413,27.034950758110217,2629.46,180.0
1414,26.046861065835454,2533.35,-80.0
1415,27.483169525781147,2673.05,180.0
1416,25.613187674991305,2491.17,-80.0
1417,26.388380705601833,2566.57,132.2804440603992
1418,26.532130036922176,2580.55,49.06987975655973
1419,26.411988265182842,2568.87,-25.385464522700758
1420,27.04984746544695,2630.9,116.26997035788038
1421,26.19664387606266,2547.92,-80.0
1422,26.178073893330993,2546.11,-3.8890110411792183
1423,26.99674924963132,2625.74,140.50786655446257
1424,28.279087312993582,2750.46,180.0
1425,28.169998265559645,2739.85,-24.584306216044354
1426,28.930396463075432,2813.81,139.99310661969807
1427,29.81810159485684,2900.15,162.3484090286693
1428,30.997657489389994,3014.87,180.0
1429,28.497657489389994,2771.72,-80.0
1430,29.74294936224801,2892.84,180.0
1431,28.947048187484334,2815.43,-80.0
1432,29.679963655868168,2886.71,138.7645223222786
1433,31.062461190726776,3021.18,180.0
1434,32.320641814139904,3143.55,180.0
1435,32.85372365754742,3195.4,117.56861785083242
1436,32.9442043814655,3204.2,44.90407730670097
1437,33.770905639395096,3284.6,169.59225086754898
1438,32.015329137268374,3113.85,-80.0
1439,33.10993302538,3220.32,180.0
1440,31.310600486994637,3045.31,-80.0
1441,31.38420017264142,3052.47,41.54933633491061
1442,31.89546006613361,3102.2,111.53434758147925
1443,29.94830697211365,2912.81,-80.0
1444,31.099991003854317,3024.83,180.0
1445,31.609698600429134,3074.4,110.55851751039539
1446,31.53281551176302,3066.92,-19.394722007065177
1447,33.004098823495596,3210.02,180.0
1448,34.231334264638875,3329.39,180.0
1449,33.519406938229295,3260.14,-80.0
1450,34.25621547192353,3331.81,156.20135945890945
1451,31.756215471923532,3088.65,-80.0
1452,31.086897236909493,3023.55,-80.0
1453,30.930644299112235,3008.36,-38.66403231758651
1454,32.00760467004484,3113.1,180.0
1455,32.80777650328089,3190.93,161.25929334514413
1456,33.49736822235366,3258.0,145.49753868433132
1457,33.50131781140503,3258.38,30.661582190172695
1458,33.7001733311518,3277.72,63.507327416611865
1459,34.95634321953954,3399.9,180.0
1460,33.83366711769532,3290.71,-80.0
1461,33.99103777263543,3306.01,56.74595938186857
1462,32.06647417667848,3118.83,-80.0
1463,30.077484014308947,2925.38,-80.0
1464,30.106456341079777,2928.19,34.36127045512731
1465,28.68353044296784,2789.8,-80.0
1466,29.765217712336764,2895.01,180.0
1467,27.265217712336764,2651.85,-80.0
1468,28.750534514422085,2796.32,180.0
1469,26.979279627063892,2624.04,-80.0
1470,26.195775006196182,2547.84,-80.0
1471,24.53235140526216,2386.05,-80.0
1472,24.66332904182659,2398.79,46.15172273854662
1473,24.700903499180097,2402.44,34.64061522561527
1474,24.5963099042997,2392.27,-20.580931789463722
1475,22.0963099042997,2149.12,-80.0
1476,22.02702663443205,2142.38,-12.208835445561977
1477,23.139642688581606,2250.59,158.72768971300124
1478,23.020802248830744,2239.03,-21.88641810134962
1479,21.591112156698962,2099.98,-80.0
1480,21.777676722959885,2118.13,50.31471405994819
1481,21.721241179675427,2112.64,-9.806800374301666
1482,21.721958426900695,2112.71,30.077900072045384
1483,21.814866720803202,2121.74,40.13391024370206
1484,20.533773843728586,1997.14,-80.0
1485,21.60342740041266,2101.18,145.5409147770879
1486,22.14300531188803,2153.66,89.73938279988275
1487,20.55215766688521,1998.93,-80.0
1488,19.28447108151752,1875.63,-80.0
1489,20.098496531568415,1954.81,111.80343842228184
1490,17.598496531568415,1711.65,-80.0
1491,17.72791715396712,1724.24,41.471790359495444
1492,18.336475859575838,1783.43,85.79411007264486
1493,18.400532583425278,1789.66,35.893389171895365
1494,18.325821261484034,1782.39,-10.953170656835658
1495,15.825821261484034,1539.24,-80.0
1496,16.551865432359328,1609.86,90.08692707138385
1497,14.051865432359328,1366.7,-80.0
1498,14.232690447981142,1384.29,42.86813236298312
1499,15.032988877352604,1462.13,90.15438693651981
1500,15.173779380578557,1475.82,40.681620174156194
1501,14.200914438046421,1381.2,-80.0
1502,15.391348457900735,1496.98,121.61192407858631
1503,16.17529189574698,1573.23,93.40256968459211
1504,15.570262100266515,1514.38,-75.3637799528119
1505,16.366325389684746,1591.81,95.14315412700789
1506,13.866325389684746,1348.66,-80.0
1507,14.576620461437347,1417.74,81.76850838283536
1508,14.66045614770859,1425.9,36.14534701096309
1509,15.242600149740522,1482.52,74.36694126271234
1510,13.826458281851968,1344.78,-80.0
1511,14.011754907817437,1362.8,42.98165454136831
1512,12.500065354215922,1215.77,-80.0
1513,13.536089370904332,1316.54,100.11856840148806
1514,14.057774775430433,1367.28,66.66867960228629
1515,12.635138470211407,1228.91,-80.0
1516,12.737435612529898,1238.86,36.51501631813801
1517,11.655919120556833,1133.67,-80.0
1518,12.26599562840385,1193.01,67.41597889121704
1519,13.085686402276579,1272.73,83.63108206868971
1520,13.163747228167654,1280.32,35.13786490226065
1521,13.746543166756002,1337.01,70.05714763607399
1522,14.794117726610574,1438.9,107.48970682945402
1523,13.588603707465637,1321.65,-80.0
1524,14.712783430729548,1430.99,112.69906402799698
1525,15.86547634506407,1543.1,121.4401108274867
1526,14.823898075616718,1441.79,-80.0
1527,14.746754919325063,1434.29,-9.100889756289863
1528,14.229987746401013,1384.03,-58.82872430761227
1529,13.090453532756642,1273.2,-80.0
1530,13.905382555149245,1352.46,86.6594990583147
1531,14.69727777617671,1429.48,88.19352016533759
1532,15.807910293044356,1537.5,117.7838959759091
1533,16.55767004733106,1610.42,92.07137313123627
1534,17.365258636505864,1688.97,100.11992361455663
1535,17.3611817503899,1688.57,-0.5662364866792361
1536,16.83284459498534,1637.19,-71.14733784545254
1537,18.304865216775656,1780.36,164.72569539093027
1538,19.34598610288461,1881.62,130.7075509704336
1539,19.53302966188963,1899.81,48.26763693055214
1540,17.85425004906074,1736.53,-80.0
1541,18.52272702070719,1801.55,91.9100823271808
1542,18.640120890374003,1812.96,40.94117961189105
1543,16.140120890374003,1569.81,-80.0
1544,17.61757645476702,1713.51,160.1459318210746
1545,16.45246394342017,1600.19,-80.0
1546,16.36130114913748,1591.32,-11.93233544684771
1547,15.365963358628338,1494.51,-80.0
1548,15.170404691976307,1475.49,-23.733632913076796
1549,14.33789401999661,1394.52,-80.0
1550,14.434206745204444,1403.89,36.9509889392197
1551,15.652981798053094,1522.43,125.38731859080556
1552,16.85993124609173,1639.82,131.74542355719865
1553,14.35993124609173,1396.67,-80.0
1554,13.097267023264038,1273.86,-80.0
1555,14.326513637709434,1393.42,118.05409192980053
1556,15.710331227706945,1528.01,138.7011634879404
1557,17.14888188199297,1667.92,153.34767625807376
1558,15.605609748071467,1517.82,-80.0
1559,14.868878426371982,1446.17,-80.0
1560,15.732562834224767,1530.17,97.93984607742074
1561,17.225799618690314,1675.4,158.61098816230472
1562,18.646475216449435,1813.58,162.4529616211498
1563,20.081902228790845,1953.19,174.1305245920276
1564,18.315568217214114,1781.4,-80.0
1565,18.38496942308839,1788.15,36.37969523961999
1566,18.889846467570617,1837.25,77.6852492763504
1567,20.228791415543867,1967.48,165.42619034723543
1568,20.834211161983184,2026.36,93.06721419475525
1569,20.839874469085657,2026.91,30.590113045477306
1570,20.78931835665622,2022.0,-8.40821692936386
1571,20.929905863407036,2035.67,44.712416409328334
1572,22.27466722625067,2166.46,179.77055928030651
1573,23.27565123864461,2263.82,146.49277383970235
1574,23.179139921647252,2254.43,-17.896394565633543
1575,22.232244117990525,2162.34,-80.0
1576,22.141447652915293,2153.51,-16.08292142826417
1577,22.044333552296674,2144.06,-17.126525013344903
1578,20.061542234831034,1951.21,-80.0
1579,21.11937122359309,2054.1,141.70341552372008
1580,21.116363485158335,2053.81,-0.5080999844526861
1581,20.580168391502706,2001.66,-80.0
1582,20.68736318329583,2012.08,41.08788794591051
1583,20.753402694630157,2018.5,36.852722862389534
1584,21.362944411846424,2077.79,95.10802910796279
1585,20.585436401405403,2002.17,-80.0
1586,21.671264785833323,2107.78,147.65637215455547
1587,22.34760282660319,2173.56,105.57266955823957
1588,23.144790620799917,2251.09,122.25372291070298
1589,20.644790620799917,2007.94,-80.0
1590,22.06570362460467,2146.14,180.0
1591,20.926815757399496,2035.37,-80.0
1592,21.658080052284934,2106.49,109.1889031900325
1593,20.504995200888,1994.34,-80.0
1594,21.254477251986625,2067.24,109.64924602923978
1595,19.612698451931212,1907.56,-80.0
1596,20.296660391683883,1974.08,99.41071605998638
1597,19.359806775580775,1882.96,-80.0
1598,20.6536112826972,2008.8,163.60867682892143
1599,20.61905054714884,2005.44,-5.700876425745768
1600,22.00296161308519,2140.04,180.0
1601,23.11922233641505,2248.61,159.03539924035266
1602,21.40334936948068,2081.72,-80.0
1603,20.382422422119223,1982.42,-80.0
1604,21.65434956819227,2106.13,167.7137752316947
1605,20.49852039272641,1993.71,-80.0
1606,20.3090595442744,1975.29,-30.782173220164452
1607,18.786745223994924,1827.22,-80.0
1608,16.286745223994924,1584.07,-80.0
1609,15.746624051645526,1531.54,-68.04068034656004
1610,15.547718374063686,1512.19,-24.74023566435807
1611,16.63198777929127,1617.65,120.16777748602267
1612,18.013821260043066,1752.05,154.46050666703013
1613,17.49509962309973,1701.6,-72.6006937198485
1614,17.64585310302319,1716.26,43.30086880749471
1615,18.257030054942994,1775.7,85.79137990044174
1616,16.712238951885283,1625.45,-80.0
1617,17.858269208956855,1736.92,132.33058426197087
1618,17.826638442762807,1733.84,-4.510961860870871
1619,18.449319484621814,1794.41,87.44020739136988
1620,18.342461123519413,1784.01,-15.680362673950405
1621,17.354766999766163,1687.95,-80.0
1622,18.844031684501964,1832.8,170.31875452885626
1623,17.18577051483786,1671.51,-80.0
1624,14.68577051483786,1428.36,-80.0
1625,14.626867489838288,1422.63,-6.8925339313547855
1626,14.690733072008257,1428.84,34.69116110073708
1627,12.71104959226695,1236.29,-80.0
1628,12.629175178707708,1228.33,-8.272050491948862
1629,11.89853777458938,1157.27,-69.54813401943876
1630,11.937644048740117,1161.07,32.334183904419646
1631,12.663895637327181,1231.71,75.98587162154837
1632,13.541709184791623,1317.08,89.43547889116874
1633,14.552982078425885,1415.44,103.58518148728649
1634,14.401867029720679,1400.75,-17.41071070113721
1635,14.972214909405887,1456.22,72.69685513885452
1636,15.03233081708709,1462.06,34.51841105816649
1637,15.157878642210884,1474.28,39.51519348509992
1638,16.276060484051328,1583.03,120.99797644981506
1639,16.86482819013047,1640.3,79.64733103460986
1640,17.436184665075086,1695.87,79.81138503360337
1641,16.52693281746548,1607.43,-80.0
1642,17.813202139814074,1732.54,144.5628772261858
1643,19.224637280137866,1869.81,165.671643085827
1644,19.373714369331815,1884.31,44.440884725274834
1645,20.24090669523508,1968.66,117.76379477715945
1646,20.838039376838363,2026.74,92.21537166223172
1647,21.99774918067716,2139.53,157.5550269360911
1648,22.149441808574934,2154.28,46.79953517205762
1649,23.004261157296582,2237.43,128.32243770151493
1650,24.05599912791829,2339.72,156.50303852037177
1651,24.729243399426466,2405.2,113.24410728697582
1652,23.29421497004596,2265.63,-80.0
1653,23.11627580405349,2248.32,-32.906326699401625
1654,23.712634355914734,2306.32,100.70616142654238
1655,21.867354529789928,2126.85,-80.0
1656,21.72958568898676,2113.45,-23.949278652038927
1657,23.11218769148983,2247.92,180.0
1658,23.297652775575056,2265.96,51.604505655052364
1659,23.10146066206168,2246.88,-36.258595140288115
1660,23.62390241642036,2297.69,91.71056511616453
1661,24.605527347141102,2393.17,150.7669953874235
1662,24.500987428312673,2383.0,-20.490649895777143
1663,24.458955481955567,2378.91,-8.224460038147287
1664,24.337342287772575,2367.08,-23.677935468326513
1665,25.591859295374963,2489.1,180.0
1666,26.736054987913178,2600.38,180.0
1667,26.895867354267608,2615.93,51.49146103520163
1668,25.560534454757782,2486.05,-80.0
1669,26.692726830049608,2596.17,180.0
1670,26.76969383140105,2603.66,40.301915306495545
1671,25.94356529846795,2523.31,-80.0
1672,25.983951536627185,2527.23,35.24697027538135
1673,27.135316898625053,2639.22,180.0
1674,26.518800619904397,2579.25,-80.0
1675,25.360448828713352,2466.59,-80.0
1676,26.19424628553707,2547.69,139.20347968147448
1677,24.982642967863796,2429.85,-80.0
1678,23.878167249540656,2322.42,-80.0
1679,23.817583095662936,2316.53,-11.54374495410438
1680,23.620276978460616,2297.34,-37.28340110290704
1681,22.462506700759636,2184.73,-80.0
1682,19.962506700759636,1941.58,-80.0
1683,18.165538287052748,1766.8,-80.0
1684,15.665538287052748,1523.65,-80.0
1685,15.849800965167546,1541.57,44.602633867141456
1686,16.41539948130259,1596.58,76.42262794194352
1687,15.647457543617522,1521.89,-80.0
1688,14.34918461534058,1395.62,-80.0
1689,15.250252920775075,1483.26,98.70759778385136
1690,15.34184118852552,1492.17,37.02566329279736
1691,14.324039969866146,1393.18,-80.0
1692,14.288997013154264,1389.77,-4.005829630305318
1693,15.075244805980448,1466.24,89.26438977508269
1694,16.257997672144892,1581.27,126.14596672412108
1695,15.154427352629856,1473.94,-80.0
1696,15.84882237313458,1541.48,85.0267166838425
1697,15.316863101597148,1489.74,-65.18357870211352
1698,12.816863101597148,1246.59,-80.0
1699,14.109175973367897,1372.28,121.16734860230953
1700,14.00756795646367,1362.4,-11.38624961365965
1701,14.04180227410328,1365.72,32.40355759642112
1702,14.027271758588359,1364.31,-1.6305879193612904
1703,14.835281229409249,1442.9,89.93523867827022
1704,15.427784587559852,1500.53,75.70507088476671
1705,15.495612766975947,1507.12,35.25519601460385
1706,15.296871055161697,1487.79,-24.321010711237633
1707,15.91942442007306,1548.34,79.55345620084304
1708,16.11132026843381,1567.01,45.45847735561424
1709,16.06118026014322,1562.13,-6.442461691202151
1710,15.51348241751027,1508.86,-67.97360681435671
1711,16.81648245725677,1635.59,139.55938655100954
1712,14.984218816884184,1457.39,-80.0
1713,15.109629448678184,1469.58,39.4745408766598
1714,16.05540397495291,1561.57,105.92396044280214
1715,14.20292354337554,1381.4,-80.0
1716,15.266629798661995,1484.85,111.19604806989685
1717,16.60658357038403,1615.18,141.26027145276612
1718,16.054897439772535,1561.52,-70.85811396729967
1719,15.897507302968773,1546.21,-20.016886794024586
1720,15.148861287213297,1473.4,-80.0
1721,15.283382198167459,1486.48,40.279672478790516
1722,14.447503904217806,1405.18,-80.0
1723,14.493623392804238,1409.67,33.34219249320246
1724,13.42694834727514,1305.92,-80.0
1725,14.61843677082911,1421.81,117.08849091449281
1726,14.523735594389185,1412.6,-11.003318776728461
1727,12.023735594389185,1169.44,-80.0
1728,13.197302292365217,1283.59,107.43957236721282
1729,12.44335614622607,1210.26,-75.05296329187223
1730,13.014481125748908,1265.81,67.16447633221856
1731,11.441731183926368,1112.84,-80.0
1732,11.9437314845348,1161.66,59.97878397811429
1733,12.579328531927153,1223.48,69.97692036535642
1734,13.524642134542518,1315.43,93.92514090143976
1735,12.74308930759519,1239.41,-79.67517977914638
1736,11.408477365525691,1109.6,-80.0
1737,11.40381101277387,1109.15,-0.42571363920558936
1738,8.90381101277387,866.0,-80.0
1739,9.649753347990009,938.55,65.99079773329711
1740,8.687629191905186,844.97,-66.86862323711719
1741,9.893892436456502,962.29,89.67319395820874
1742,9.711208500806066,944.53,-14.19265431079386
1743,10.98493648420836,1068.41,99.95910497916499
1744,12.369320600984231,1203.06,115.61945487655574
1745,11.648948869569066,1132.99,-67.1325877307056
1746,12.714122351270978,1236.59,97.71372985843703
1747,12.869314387247048,1251.69,39.98607550686502
1748,14.185084971796377,1379.66,123.32158772611206
1749,15.27737235756229,1485.9,113.43640556907074
1750,15.388180017306457,1496.68,38.52564107719842
1751,16.49555655625533,1604.38,121.33396163650724
1752,17.9938733065398,1750.11,164.8026088884259
1753,16.61484018094385,1615.98,-80.0
1754,15.713591853606532,1528.33,-80.0
1755,13.971007894976918,1358.84,-80.0
1756,14.564744571051559,1416.59,73.23811514746171
1757,15.445933184798097,1502.29,98.05390225566943
1758,15.43454116013753,1501.18,-1.4066453881665735
1759,15.342230573538215,1492.21,-11.330002431881965
1760,16.22135317631358,1577.71,101.30279112449617
1761,17.143479744129415,1667.4,109.04229068437161
1762,15.547830271649847,1512.2,-80.0
1763,16.263039931813175,1581.77,88.15741631427358
1764,17.152895322644284,1668.31,106.31798185608365
1765,17.064241314093263,1659.69,-12.102507163010724
1766,18.283302709149787,1778.26,141.4423425342843
1767,16.466447938494948,1601.55,-80.0
1768,17.099557583370853,1663.13,84.12947414571488
1769,16.985161492453916,1652.0,-15.54428862663677
1770,16.865832986375107,1640.39,-16.100597232310417
1771,15.339993684762405,1491.99,-80.0
1772,15.19948710988343,1478.32,-17.08502298981489
1773,15.996728555185106,1555.86,93.76627496717185
1774,16.06908076603444,1562.9,35.813167598695564
1775,14.344101126187823,1395.13,-80.0
1776,13.412010229606862,1304.47,-80.0
1777,13.472075424133136,1310.31,34.04601415511595
1778,14.118951239855708,1373.23,75.66604050214436
1779,15.330321928156733,1491.05,122.85351312993758
1780,16.219301067381043,1577.51,102.09310150850152
1781,16.393319358146325,1594.44,44.263687073370285
1782,17.722326849094923,1723.7,147.76552569743296
1783,16.123235769374755,1568.17,-80.0
1784,14.55868597753787,1416.0,-80.0
1785,13.248472029536725,1288.56,-80.0
1786,13.143138980242766,1278.32,-11.075255248666126
1787,13.002612926688057,1264.65,-14.61764704389522
1788,13.000344498905662,1264.43,-0.2359227411361657
1789,11.722547271966262,1140.15,-80.0
1790,10.322988732069925,1004.03,-80.0
1791,11.610215868447533,1129.23,104.72492462533786
1792,12.606981929660869,1226.17,92.83105860907878
1793,12.7348482248166,1238.61,38.14178930938921
1794,12.697305385888924,1234.96,-3.813543127343531
1795,13.899416690803033,1351.88,113.5432296786309
1796,12.061985022659261,1173.16,-80.0
1797,12.235799224730876,1190.07,40.63377839477535
1798,12.253900630373687,1191.83,31.109064130085525
1799,13.289200810002525,1292.53,98.79155992859653
